Sample,DMSO-Mic-1,DMSO-Mic-2,DMSO-Mic-3,2DG-Mic-1,2DG-Mic-2,2DG-Mic-3,Cer-Mic-1,Cer-Mic-2,Cer-Mic-3,NaN3-Mic-1,NaN3-Mic-2,NaN3-Mic-3
Class,DMSO-Mic,DMSO-Mic,DMSO-Mic,2DG-Mic,2DG-Mic,2DG-Mic,Cer-Mic,Cer-Mic,Cer-Mic,NaN3-Mic,NaN3-Mic,NaN3-Mic
Dimethylglycine-TMS,N.D.,N.D.,N.D.,N.D.,N.D.,N.D.,N.D.,N.D.,N.D.,N.D.,N.D.,N.D.
Glyoxylic acid-meto-TMS,2.758663518,0.262328851,0.650177207,1.206480715,1.600856831,1.057993888,1.440353581,1.280528438,1.120602042,1.188105142,1.019533914,1.025807969
2-Aminoethanol-2TMS,N.D.,N.D.,N.D.,N.D.,N.D.,N.D.,N.D.,N.D.,N.D.,N.D.,N.D.,N.D.
Pyruvic acid-meto-TMS,0.35328448,0.037367041,0.029574428,0.415246161,0.201088034,0.161816019,0.347010166,0.060749681,0.137023746,0.213432797,0.078425686,0.051802325
Lactic acid-2TMS,5.072436592,0.435400558,1.921235741,3.676621075,6.733798259,1.687357825,3.479293641,6.471150499,3.492770759,3.02634004,3.945569055,2.299201041
Lactic acid-13C3-2TMS,N.D.,N.D.,N.D.,N.D.,N.D.,N.D.,N.D.,N.D.,N.D.,N.D.,N.D.,N.D.
2-Hydroxyisobutyric acid-2TMS,N.D.,N.D.,N.D.,N.D.,N.D.,N.D.,N.D.,N.D.,N.D.,N.D.,N.D.,N.D.
2-Ketobutyric acid-meto-TMS(1),N.D.,N.D.,N.D.,N.D.,N.D.,N.D.,N.D.,N.D.,N.D.,N.D.,N.D.,N.D.
Caproic acid-TMS,0.619062751,0.057792415,0.238617917,0.22292662,0.36662064,0.285185524,0.304806695,0.328166427,0.329527883,0.296876511,0.233944194,0.300215891
Glycolic acid-2TMS,0.71456684,0.069360036,0.244661177,0.679395414,0.366389214,0.296211522,0.381181476,0.385391248,0.323609272,0.291023776,0.262867331,0.306593486
Alanine-2TMS,15.68296782,0.879467552,2.534378305,3.295924915,8.895799686,3.622899449,2.097623311,14.71445878,3.836506821,2.777161013,4.308814333,3.147874443
2-Ketobutyric acid-meto-TMS(2),N.D.,N.D.,N.D.,N.D.,N.D.,N.D.,N.D.,N.D.,N.D.,N.D.,N.D.,N.D.
2-Keto-isovaleric acid-meto-TMS,N.D.,N.D.,N.D.,N.D.,N.D.,N.D.,N.D.,N.D.,N.D.,N.D.,N.D.,N.D.
Hydroxylamine-3TMS,6.687638585,0.480497431,2.688039378,2.170729008,2.775995273,2.336568559,3.401534004,4.284654296,3.286198944,2.232795241,2.458266712,2.313097319
Norvaline-TMS,N.D.,N.D.,N.D.,N.D.,N.D.,N.D.,N.D.,N.D.,N.D.,N.D.,N.D.,N.D.
2-Hydroxybutyric acid-d3-2TMS,N.D.,N.D.,N.D.,N.D.,N.D.,N.D.,N.D.,N.D.,N.D.,N.D.,N.D.,N.D.
Glycine-2TMS,4.292811372,0.245013113,1.463304426,1.447354873,2.413371988,2.559400166,0.591748754,5.406209582,2.037688169,0.947144521,1.344192794,2.23400264
2-Hydroxybutyric acid-2TMS,N.D.,N.D.,N.D.,N.D.,N.D.,N.D.,N.D.,N.D.,N.D.,N.D.,N.D.,N.D.
Glyoxylic acid-oxime-2TMS,N.D.,N.D.,N.D.,N.D.,N.D.,N.D.,N.D.,N.D.,N.D.,N.D.,N.D.,N.D.
Oxalic acid-2TMS,2.112246676,0.080653529,0.558547346,0.777770604,1.071501734,0.912420304,0.905678185,0.903978878,0.934174579,0.784220364,0.64669202,0.682793415
Oxalic acid-13C2-2TMS,N.D.,N.D.,N.D.,N.D.,N.D.,N.D.,N.D.,N.D.,N.D.,N.D.,N.D.,N.D.
Sarcosine-d3-2TMS,N.D.,N.D.,N.D.,N.D.,N.D.,N.D.,N.D.,N.D.,N.D.,N.D.,N.D.,N.D.
Sarcosine-2TMS,N.D.,N.D.,N.D.,N.D.,N.D.,N.D.,N.D.,N.D.,N.D.,N.D.,N.D.,N.D.
Acetoacetic acid-meto-TMS,N.D.,N.D.,N.D.,N.D.,N.D.,N.D.,N.D.,N.D.,N.D.,N.D.,N.D.,N.D.
3-Hydroxypropionic acid-2TMS,0.430608516,0.054697056,0.242771901,0.185791964,0.390268155,0.299694216,0.272678047,0.36093384,0.343630686,0.310072046,0.257295961,0.332807276
2-Aminoisobutyric acid-2TMS,N.D.,0.029285983,N.D.,N.D.,N.D.,0.099066687,N.D.,0.148693951,N.D.,N.D.,N.D.,0.123112588
Pyruvic acid-oxime-2TMS,N.D.,N.D.,N.D.,N.D.,N.D.,N.D.,N.D.,N.D.,N.D.,N.D.,N.D.,N.D.
Valproic acid-TMS,N.D.,N.D.,N.D.,N.D.,N.D.,N.D.,N.D.,N.D.,N.D.,N.D.,N.D.,N.D.
3-Hydroxyisobutyric acid-2TMS,N.D.,N.D.,N.D.,N.D.,N.D.,N.D.,N.D.,N.D.,N.D.,N.D.,N.D.,N.D.
2-Hydroxyisovaleric acid-2TMS,N.D.,N.D.,N.D.,N.D.,N.D.,N.D.,N.D.,N.D.,N.D.,N.D.,N.D.,N.D.
3-Hydroxybutyric acid-2TMS,1.035254921,0.072244088,0.34056613,0.381658814,0.650622248,0.39870007,0.494479966,0.634277865,0.597586513,0.41164234,0.423237461,0.555960564
2-Aminobutyric acid-2TMS,N.D.,N.D.,N.D.,N.D.,N.D.,N.D.,N.D.,N.D.,N.D.,N.D.,N.D.,N.D.
2-Ketoisocaproic acid-meto-TMS(1),N.D.,N.D.,N.D.,N.D.,N.D.,N.D.,N.D.,N.D.,N.D.,N.D.,N.D.,N.D.
3-Methyl-2-oxovaleric acid-meto-TMS(1),N.D.,N.D.,N.D.,N.D.,N.D.,N.D.,N.D.,N.D.,N.D.,N.D.,N.D.,N.D.
Isoleucine-TMS,N.D.,N.D.,N.D.,N.D.,N.D.,N.D.,N.D.,N.D.,N.D.,N.D.,N.D.,N.D.
2-Methyl-3-hydroxybutyric acid-2TMS(1),N.D.,N.D.,N.D.,N.D.,N.D.,N.D.,N.D.,N.D.,N.D.,N.D.,N.D.,N.D.
3-Aminopropanoic acid-2TMS,N.D.,N.D.,N.D.,N.D.,N.D.,N.D.,N.D.,N.D.,N.D.,N.D.,N.D.,N.D.
2-Methyl-3-hydroxybutyric acid-2TMS(2),N.D.,N.D.,N.D.,N.D.,N.D.,N.D.,N.D.,N.D.,N.D.,N.D.,N.D.,N.D.
3-Methyl-2-oxovaleric acid-meto-TMS(2),N.D.,N.D.,N.D.,N.D.,N.D.,N.D.,N.D.,N.D.,N.D.,N.D.,N.D.,N.D.
Glyceraldehyde-meto-2TMS(1),N.D.,N.D.,N.D.,N.D.,N.D.,N.D.,N.D.,N.D.,N.D.,N.D.,N.D.,N.D.
Malonic acid-2TMS,N.D.,N.D.,N.D.,N.D.,N.D.,N.D.,N.D.,N.D.,N.D.,N.D.,N.D.,N.D.
2-Keto-isovaleric acid-oxime-2TMS(1),N.D.,N.D.,N.D.,N.D.,N.D.,N.D.,N.D.,N.D.,N.D.,N.D.,N.D.,N.D.
Acetoacetic acid-2TMS(1),N.D.,N.D.,N.D.,N.D.,N.D.,N.D.,N.D.,N.D.,N.D.,N.D.,N.D.,N.D.
Valine-d8-2TMS,N.D.,N.D.,N.D.,N.D.,N.D.,N.D.,N.D.,N.D.,N.D.,N.D.,N.D.,N.D.
3-Aminoisobutyric acid-2TMS,N.D.,N.D.,N.D.,N.D.,N.D.,N.D.,N.D.,N.D.,N.D.,N.D.,N.D.,N.D.
3-Hydroxyisovaleric acid-2TMS,N.D.,N.D.,N.D.,N.D.,N.D.,N.D.,N.D.,N.D.,N.D.,N.D.,N.D.,N.D.
2-Keto-isovaleric acid-oxime-2TMS(2),N.D.,N.D.,N.D.,N.D.,N.D.,N.D.,N.D.,N.D.,N.D.,N.D.,N.D.,N.D.
Valine-2TMS,4.281889898,0.118374652,0.528827589,0.820193256,1.014802398,0.753372191,0.561939739,1.975949822,0.779043748,0.654937909,0.535664494,0.797855853
Methylmalonic acid-2TMS,N.D.,N.D.,N.D.,N.D.,N.D.,N.D.,N.D.,N.D.,N.D.,N.D.,N.D.,N.D.
2-Ketoisocaproic acid-meto-TMS(2),N.D.,N.D.,N.D.,N.D.,N.D.,N.D.,N.D.,N.D.,N.D.,N.D.,N.D.,N.D.
Glyceraldehyde-meto-2TMS(2),N.D.,N.D.,N.D.,N.D.,N.D.,N.D.,N.D.,N.D.,N.D.,N.D.,N.D.,N.D.
Dihydroxyacetone-2TMS,N.D.,N.D.,N.D.,N.D.,N.D.,N.D.,N.D.,N.D.,N.D.,N.D.,N.D.,N.D.
2-Hydroxyisocaproic acid-2TMS,N.D.,N.D.,N.D.,N.D.,N.D.,N.D.,N.D.,N.D.,N.D.,N.D.,N.D.,N.D.
Norvaline-2TMS,N.D.,N.D.,N.D.,N.D.,N.D.,N.D.,N.D.,N.D.,N.D.,N.D.,N.D.,N.D.
Urea-2TMS,0.88564753,0.142692069,0.240846294,0.357117764,0.577975567,0.468992705,0.263243719,0.694102023,0.625124739,0.552077249,0.432340919,0.35022061
Acetoacetic acid-2TMS(2),N.D.,N.D.,N.D.,N.D.,N.D.,N.D.,N.D.,N.D.,N.D.,N.D.,N.D.,N.D.
Dihydroxyacetone-meto-2TMS,N.D.,N.D.,N.D.,N.D.,N.D.,N.D.,N.D.,N.D.,N.D.,N.D.,N.D.,N.D.
Dihydroxyacetone-13C3-meto-2TMS,N.D.,N.D.,N.D.,N.D.,N.D.,N.D.,N.D.,N.D.,N.D.,N.D.,N.D.,N.D.
Acetoacetic acid-oxime-2TMS,N.D.,N.D.,N.D.,N.D.,N.D.,N.D.,N.D.,N.D.,N.D.,N.D.,N.D.,N.D.
Serine-2TMS,0.178372874,N.D.,N.D.,N.D.,N.D.,N.D.,N.D.,N.D.,N.D.,N.D.,N.D.,N.D.
Benzoic acid-TMS,1.674614811,0.470523178,0.616473017,0.72663133,1.42770821,1.128651521,0.999034756,1.382788759,1.215528131,0.804082794,1.203669,0.964814404
2-Aminoethanol-3TMS,0.813532197,0.050916377,0.196666313,0.204596659,0.364453653,0.197357751,0.246573521,0.276652273,0.241907854,0.182894119,0.163555675,0.16406675
Glycerol-3TMS,0.849724282,0.059125933,0.221033122,0.202921907,0.30491409,0.283679906,0.262810952,0.502834066,0.358892623,0.281100242,0.219189395,0.257620436
Octanoic acid-TMS,0.327845847,0.030599512,0.106719844,0.108463262,0.201445692,0.144128798,0.144215389,0.164920122,0.176697758,0.125626415,0.125795653,0.158814613
Leucine-2TMS,2.759772468,0.059057401,0.331131863,0.481445015,0.521697005,0.441845939,0.321840418,1.041389338,0.402500668,0.352684871,0.330363536,0.476068686
Phosphoric acid-3TMS,11.08015461,0.243945157,1.646782143,2.537526047,2.162422201,1.794043857,2.422804692,2.470178504,1.954406113,2.096400408,1.498085208,1.586254733
Ethylmalonic acid-2TMS,N.D.,N.D.,N.D.,N.D.,N.D.,N.D.,N.D.,N.D.,N.D.,N.D.,N.D.,N.D.
2-Ketoisocaproic acid-oxime-2TMS,N.D.,N.D.,N.D.,N.D.,N.D.,N.D.,N.D.,N.D.,N.D.,N.D.,N.D.,N.D.
3-Hydroxypyruvic acid-meto-2TMS(1),N.D.,N.D.,N.D.,N.D.,N.D.,N.D.,N.D.,N.D.,N.D.,N.D.,N.D.,N.D.
Isoleucine-d10-2TMS,N.D.,N.D.,N.D.,N.D.,N.D.,N.D.,N.D.,N.D.,N.D.,N.D.,N.D.,N.D.
Isoleucine-2TMS,1.63133217,0.04097639,0.190974265,0.270109788,0.338050066,0.259985417,0.207416732,0.62496357,0.228630495,0.2081638,0.188626836,0.283693544
Acetylglycine-TMS,N.D.,N.D.,N.D.,N.D.,N.D.,N.D.,N.D.,N.D.,N.D.,N.D.,N.D.,N.D.
Proline-2TMS,1.008606525,0.019565869,0.108245797,0.130142728,0.178324145,0.157831451,0.079646502,0.20308313,0.123605886,0.093428694,0.110894239,0.141385647
4-Aminobutyric acid-2TMS,N.D.,N.D.,N.D.,N.D.,N.D.,N.D.,N.D.,N.D.,N.D.,N.D.,N.D.,N.D.
Glycine-3TMS,192.6455601,14.50888023,72.20792785,70.66231875,118.9012632,109.4689776,31.81662228,152.2664849,104.5992419,52.38624596,51.04827045,84.8684657
Maleic acid-2TMS,0.042778574,N.D.,0.014169566,N.D.,N.D.,N.D.,N.D.,N.D.,N.D.,N.D.,N.D.,N.D.
Nicotinic acid-TMS,N.D.,N.D.,N.D.,N.D.,N.D.,N.D.,N.D.,N.D.,N.D.,N.D.,N.D.,N.D.
Phenylacetic acid-TMS,N.D.,N.D.,N.D.,N.D.,N.D.,N.D.,N.D.,N.D.,N.D.,N.D.,N.D.,N.D.
Succinic acid-2TMS,0.40432977,0.126941144,0.131171429,0.173356602,0.515616817,0.321609337,0.15197058,0.364793463,0.314371322,0.122830621,0.218776207,0.169318886
Glyceric acid-3TMS,0.111600662,0.010311202,0.019195523,0.08429145,0.049987986,0.028941342,0.06938126,0.045842871,0.041149274,N.D.,0.030375958,0.027761295
Catechol-2TMS,N.D.,N.D.,N.D.,N.D.,N.D.,N.D.,N.D.,N.D.,N.D.,N.D.,N.D.,N.D.
Methylsuccinic acid-2TMS,N.D.,N.D.,N.D.,N.D.,N.D.,N.D.,N.D.,N.D.,N.D.,N.D.,N.D.,N.D.
3-Hydroxypyruvic acid-meto-2TMS(2),N.D.,N.D.,N.D.,N.D.,N.D.,N.D.,N.D.,N.D.,N.D.,N.D.,N.D.,N.D.
Uracil-2TMS,N.D.,N.D.,0.055394526,N.D.,N.D.,N.D.,N.D.,N.D.,N.D.,N.D.,N.D.,N.D.
Fumaric acid-13C4-2TMS,N.D.,N.D.,N.D.,N.D.,N.D.,N.D.,N.D.,N.D.,N.D.,N.D.,N.D.,N.D.
Serine-3TMS,7.106115864,0.108060594,0.434351703,0.69270112,1.215806277,0.55460007,0.298921059,1.305103997,0.61151369,0.472351021,0.543235158,0.505518167
Fumaric acid-2TMS,0.045702168,0.004297524,N.D.,0.02506853,0.026340471,0.017687221,0.025654448,0.023925725,0.028188043,0.016375368,N.D.,N.D.
Homoserine-2TMS,N.D.,N.D.,N.D.,N.D.,N.D.,N.D.,N.D.,N.D.,N.D.,N.D.,N.D.,N.D.
Nonanoic acid-TMS,2.714406345,0.236663638,1.038568651,0.861824687,1.560525615,1.318648469,1.277356089,1.533845744,1.484008265,1.128149175,1.06622412,1.384375725
Acetylglycine-2TMS,N.D.,N.D.,N.D.,N.D.,N.D.,N.D.,N.D.,N.D.,N.D.,N.D.,N.D.,N.D.
2-Propyl-3-hydroxy-pentanoic acid-2TMS(1),N.D.,N.D.,N.D.,N.D.,N.D.,N.D.,N.D.,N.D.,N.D.,N.D.,N.D.,N.D.
Threonine-3TMS,0.729218418,0.008360897,0.0744205,0.043701794,0.12160377,0.087645274,N.D.,0.16127711,0.081613605,0.03706732,0.038706355,0.102416668
2-Propyl-3-hydroxy-pentanoic acid-2TMS(2),N.D.,N.D.,N.D.,N.D.,N.D.,N.D.,N.D.,N.D.,N.D.,N.D.,N.D.,N.D.
O-Acetylserine-2TMS,N.D.,N.D.,N.D.,N.D.,N.D.,N.D.,N.D.,N.D.,N.D.,N.D.,N.D.,N.D.
Mevalonic lactone-TMS,N.D.,N.D.,N.D.,N.D.,N.D.,N.D.,N.D.,N.D.,N.D.,N.D.,N.D.,N.D.
2-Aminooctanoic acid-TMS,N.D.,N.D.,N.D.,N.D.,N.D.,N.D.,N.D.,N.D.,N.D.,N.D.,N.D.,N.D.
Mesaconic acid-2TMS,N.D.,N.D.,N.D.,N.D.,N.D.,N.D.,N.D.,N.D.,N.D.,N.D.,N.D.,N.D.
5-Aminovaleric acid-2TMS,N.D.,N.D.,N.D.,N.D.,N.D.,N.D.,N.D.,N.D.,N.D.,N.D.,N.D.,N.D.
Thymine-2TMS,N.D.,N.D.,N.D.,N.D.,N.D.,N.D.,N.D.,N.D.,N.D.,N.D.,N.D.,N.D.
Isobutyrylglycine-TMS,N.D.,N.D.,N.D.,N.D.,N.D.,N.D.,N.D.,N.D.,N.D.,N.D.,N.D.,N.D.
Glutaric acid-2TMS,0.053767257,0.01701591,N.D.,0.024330057,0.037280602,0.041275251,N.D.,0.033988314,0.032139638,0.025976311,0.018526802,N.D.
Hydroquinone-2TMS,N.D.,N.D.,N.D.,N.D.,N.D.,N.D.,N.D.,N.D.,N.D.,N.D.,N.D.,N.D.
Isobutyrylglycine-2TMS,N.D.,N.D.,N.D.,N.D.,N.D.,N.D.,N.D.,N.D.,N.D.,N.D.,N.D.,N.D.
3-Methylglutaric acid-2TMS,N.D.,N.D.,N.D.,N.D.,N.D.,N.D.,N.D.,N.D.,N.D.,N.D.,N.D.,N.D.
3-Aminopropanoic acid-3TMS,N.D.,N.D.,0.018129778,0.016470591,0.034461414,0.022188869,N.D.,0.031841891,0.028504171,N.D.,N.D.,0.028996172
Homoserine-3TMS,N.D.,N.D.,N.D.,N.D.,N.D.,N.D.,N.D.,N.D.,N.D.,N.D.,N.D.,N.D.
Glutaconic acid-2TMS,N.D.,N.D.,N.D.,N.D.,N.D.,N.D.,N.D.,N.D.,N.D.,N.D.,N.D.,N.D.
Erythrulose-meto-3TMS(1),N.D.,N.D.,N.D.,N.D.,N.D.,N.D.,N.D.,N.D.,N.D.,N.D.,N.D.,N.D.
3-Aminoisobutyric acid-3TMS,N.D.,N.D.,N.D.,N.D.,N.D.,N.D.,N.D.,N.D.,N.D.,N.D.,N.D.,N.D.
N-Butyrylglycine-TMS,N.D.,N.D.,N.D.,N.D.,N.D.,N.D.,N.D.,N.D.,N.D.,N.D.,N.D.,N.D.
Decanoic acid-TMS,0.394584454,0.03888331,0.160249317,0.143474808,0.243733508,0.157846659,0.164780493,0.189397221,0.21112054,0.152324717,0.125902282,0.149513954
Oxalacetic acid-meto-2TMS,N.D.,N.D.,N.D.,N.D.,N.D.,N.D.,N.D.,N.D.,N.D.,N.D.,N.D.,N.D.
Erythrulose-meto-3TMS(2),N.D.,N.D.,N.D.,N.D.,N.D.,N.D.,N.D.,N.D.,N.D.,N.D.,N.D.,N.D.
Citramalic acid-3TMS,N.D.,N.D.,N.D.,N.D.,N.D.,N.D.,N.D.,N.D.,N.D.,N.D.,N.D.,N.D.
2-Propyl-5-hydroxy-pentanoic acid-2TMS,N.D.,N.D.,N.D.,N.D.,N.D.,N.D.,N.D.,N.D.,N.D.,N.D.,N.D.,N.D.
Malic acid-13C4-3TMS,N.D.,N.D.,N.D.,N.D.,N.D.,N.D.,N.D.,N.D.,N.D.,N.D.,N.D.,N.D.
Threitol-4TMS,N.D.,N.D.,N.D.,N.D.,N.D.,N.D.,N.D.,N.D.,N.D.,N.D.,N.D.,N.D.
Dihydrouracil-TMS,N.D.,N.D.,N.D.,N.D.,N.D.,N.D.,N.D.,N.D.,N.D.,N.D.,N.D.,N.D.
Malic acid-3TMS,N.D.,N.D.,N.D.,0.009178168,N.D.,N.D.,N.D.,N.D.,N.D.,N.D.,N.D.,N.D.
N-Butyrylglycine-2TMS,N.D.,N.D.,N.D.,N.D.,N.D.,N.D.,N.D.,N.D.,N.D.,N.D.,N.D.,N.D.
2-Aminooctanoic acid-2TMS,N.D.,N.D.,N.D.,N.D.,N.D.,N.D.,N.D.,N.D.,N.D.,N.D.,N.D.,N.D.
meso-Erythritol-4TMS,N.D.,N.D.,N.D.,N.D.,N.D.,N.D.,N.D.,N.D.,N.D.,N.D.,N.D.,N.D.
Dihydrouracil-2TMS,N.D.,N.D.,N.D.,N.D.,N.D.,N.D.,N.D.,N.D.,N.D.,N.D.,N.D.,N.D.
Isovalerylglycine-TMS,N.D.,N.D.,N.D.,N.D.,N.D.,N.D.,N.D.,N.D.,N.D.,N.D.,N.D.,N.D.
Niacinamide-TMS,2.011332256,N.D.,N.D.,N.D.,N.D.,N.D.,N.D.,N.D.,N.D.,N.D.,N.D.,N.D.
Adipic acid-2TMS,0.056489224,0.034742839,0.011856415,0.033521412,0.065872215,0.083812789,N.D.,0.028750254,0.059712988,N.D.,0.014474897,N.D.
N-Acetylserine-2TMS,N.D.,N.D.,N.D.,N.D.,N.D.,N.D.,N.D.,N.D.,N.D.,N.D.,N.D.,N.D.
Isovalerylglycine-2TMS,N.D.,N.D.,N.D.,N.D.,N.D.,N.D.,N.D.,N.D.,N.D.,N.D.,N.D.,N.D.
Glutamic acid 5-methylester-2TMS,N.D.,N.D.,N.D.,N.D.,N.D.,N.D.,N.D.,N.D.,N.D.,N.D.,N.D.,N.D.
Anthranilic acid-TMS,N.D.,N.D.,N.D.,N.D.,N.D.,N.D.,N.D.,N.D.,N.D.,N.D.,N.D.,N.D.
Aspartic acid-d3-3TMS,N.D.,N.D.,N.D.,N.D.,N.D.,N.D.,N.D.,N.D.,N.D.,N.D.,N.D.,N.D.
Aspartic acid-3TMS,2.753925279,0.032358498,0.170083238,0.259665666,0.358268271,0.279345548,0.183753014,N.D.,0.342348613,0.226551525,0.062351352,0.154719197
3-Aminoglutaric acid-2TMS,2.914319726,0.039148872,0.160988072,0.27018891,0.332853503,0.275117648,0.189742514,0.045882255,0.339766904,0.255738391,0.047543239,0.184918983
4-Hydroxyproline-3TMS,0.146314147,0.011173562,N.D.,0.067609866,0.088572988,N.D.,0.019682259,0.033121868,N.D.,0.057820717,0.022285477,N.D.
Methionine-2TMS,N.D.,N.D.,N.D.,N.D.,N.D.,N.D.,N.D.,N.D.,N.D.,N.D.,N.D.,N.D.
4-Aminobutyric acid-3TMS,N.D.,N.D.,N.D.,N.D.,N.D.,N.D.,N.D.,N.D.,N.D.,N.D.,N.D.,N.D.
5-Oxoproline-2TMS,5.568237907,0.264553283,1.960401876,1.72300321,2.206414153,2.769958698,1.575653963,3.296393852,2.935121698,1.349861825,1.085630612,2.058493735
Cytosine-2TMS,N.D.,N.D.,N.D.,N.D.,N.D.,N.D.,N.D.,N.D.,N.D.,N.D.,N.D.,N.D.
3-Methyladipic acid-2TMS,N.D.,N.D.,N.D.,N.D.,N.D.,N.D.,N.D.,N.D.,N.D.,N.D.,N.D.,N.D.
Thiodiglycolic acid-2TMS,N.D.,N.D.,N.D.,N.D.,N.D.,N.D.,N.D.,N.D.,N.D.,N.D.,N.D.,N.D.
Threonic acid-4TMS,N.D.,0.002801243,N.D.,N.D.,N.D.,N.D.,N.D.,N.D.,N.D.,N.D.,N.D.,N.D.
Pyrogallol-3TMS,N.D.,N.D.,N.D.,N.D.,N.D.,N.D.,N.D.,N.D.,N.D.,N.D.,N.D.,N.D.
Phenylpyruvic acid-meto-TMS(1),N.D.,N.D.,N.D.,N.D.,N.D.,N.D.,N.D.,N.D.,N.D.,N.D.,N.D.,N.D.
2-Propyl-glutaric acid-2TMS,N.D.,N.D.,N.D.,N.D.,N.D.,N.D.,N.D.,N.D.,N.D.,N.D.,N.D.,N.D.
Oxalacetic acid-3TMS,N.D.,N.D.,N.D.,N.D.,N.D.,N.D.,N.D.,N.D.,N.D.,N.D.,N.D.,N.D.
Cysteine-3TMS,N.D.,N.D.,N.D.,N.D.,N.D.,N.D.,N.D.,N.D.,N.D.,N.D.,N.D.,N.D.
Tiglylglycine-2TMS,N.D.,N.D.,N.D.,N.D.,N.D.,N.D.,N.D.,N.D.,N.D.,N.D.,N.D.,N.D.
5-Hydroxymethyl-2-furoic acid-2TMS,N.D.,N.D.,N.D.,N.D.,N.D.,N.D.,N.D.,N.D.,N.D.,N.D.,N.D.,N.D.
Creatinine-3TMS,N.D.,N.D.,N.D.,N.D.,N.D.,N.D.,N.D.,N.D.,N.D.,N.D.,N.D.,N.D.
2-Hydroxyglutaric acid-3TMS,N.D.,N.D.,N.D.,N.D.,N.D.,N.D.,N.D.,N.D.,0.015472689,N.D.,N.D.,N.D.
3-Hydroxyglutaric acid-3TMS,1.353489871,0.318796315,0.360294526,1.166537223,0.963383779,0.997541005,1.161374441,0.864910039,0.975762919,0.792561663,0.649384404,0.593600878
Succinylacetone-meto-TMS(1),N.D.,N.D.,N.D.,N.D.,N.D.,N.D.,N.D.,N.D.,N.D.,N.D.,N.D.,N.D.
3-Methylcrotonoylglycine-2TMS,N.D.,N.D.,N.D.,N.D.,N.D.,N.D.,N.D.,N.D.,N.D.,N.D.,N.D.,N.D.
2-Isopropylmalic acid-3TMS,1.633986928,0.381097561,0.44345898,1.445086705,1.287001287,1.165501166,1.388888889,1.086956522,1.206272618,1.035196687,0.773993808,0.693000693
O-Phosphoethanolamine-3TMS,N.D.,N.D.,N.D.,N.D.,N.D.,N.D.,N.D.,N.D.,N.D.,N.D.,N.D.,N.D.
2-Ketoglutaric acid-meto-2TMS,N.D.,0.004391755,N.D.,0.018620076,N.D.,N.D.,N.D.,N.D.,N.D.,N.D.,N.D.,N.D.
3-Methylcrotonoylglycine-TMS,N.D.,N.D.,N.D.,N.D.,N.D.,N.D.,N.D.,N.D.,N.D.,N.D.,N.D.,N.D.
Succinylacetone-meto-TMS(2),N.D.,N.D.,N.D.,N.D.,N.D.,N.D.,N.D.,N.D.,N.D.,N.D.,N.D.,N.D.
Tiglylglycine-TMS,N.D.,N.D.,N.D.,N.D.,N.D.,N.D.,N.D.,N.D.,N.D.,N.D.,N.D.,N.D.
3-Phenyllactic acid-2TMS,N.D.,N.D.,N.D.,N.D.,N.D.,N.D.,N.D.,N.D.,N.D.,N.D.,N.D.,N.D.
Succinylacetone-meto-TMS(3),N.D.,N.D.,N.D.,N.D.,N.D.,N.D.,N.D.,N.D.,N.D.,N.D.,N.D.,N.D.
Tropic acid-2TMS,N.D.,N.D.,N.D.,N.D.,N.D.,N.D.,N.D.,N.D.,N.D.,N.D.,N.D.,N.D.
Phosphoenolpyruvic acid-3TMS,N.D.,N.D.,N.D.,N.D.,N.D.,N.D.,N.D.,N.D.,N.D.,N.D.,N.D.,N.D.
3-Hydroxy-3-methylglutaric acid-3TMS,N.D.,N.D.,N.D.,N.D.,N.D.,N.D.,N.D.,N.D.,N.D.,N.D.,N.D.,N.D.
Succinylacetone-meto-TMS(4),N.D.,N.D.,N.D.,N.D.,N.D.,N.D.,N.D.,N.D.,N.D.,N.D.,N.D.,N.D.
Phenylpyruvic acid-meto-TMS(2),N.D.,N.D.,N.D.,N.D.,N.D.,N.D.,N.D.,N.D.,N.D.,N.D.,N.D.,N.D.
2-Ketoglutaric acid-3TMS,N.D.,N.D.,N.D.,N.D.,N.D.,N.D.,N.D.,N.D.,N.D.,N.D.,N.D.,N.D.
Pimelic acid-2TMS,N.D.,N.D.,N.D.,N.D.,N.D.,N.D.,N.D.,N.D.,N.D.,N.D.,N.D.,N.D.
Hypotaurine-3TMS,N.D.,N.D.,N.D.,N.D.,N.D.,N.D.,N.D.,N.D.,N.D.,N.D.,N.D.,N.D.
3-Aminoglutaric acid-3TMS,N.D.,N.D.,N.D.,N.D.,N.D.,N.D.,N.D.,N.D.,N.D.,N.D.,N.D.,N.D.
Ornithine-3TMS,N.D.,N.D.,N.D.,N.D.,N.D.,N.D.,N.D.,N.D.,N.D.,N.D.,0.014794784,N.D.
Glutamic acid-13C5-3TMS,N.D.,N.D.,N.D.,N.D.,N.D.,N.D.,N.D.,N.D.,N.D.,N.D.,N.D.,N.D.
Asparagine-4TMS,N.D.,N.D.,N.D.,N.D.,N.D.,N.D.,N.D.,N.D.,N.D.,N.D.,N.D.,N.D.
Glutamic acid-3TMS,1.498795882,0.071156144,0.282180251,0.362379386,0.842032474,0.583206831,0.231288179,0.053010742,0.594565739,0.322898906,0.053581111,0.216259859
Triethanolamine-3TMS,0.227670727,0.004400322,0.02436681,0.032980744,0.065514557,0.033062784,0.035850447,0.030896677,0.034738909,0.032950435,0.023098524,0.035592606
Cadaverine-3TMS,N.D.,N.D.,N.D.,N.D.,N.D.,N.D.,N.D.,N.D.,N.D.,N.D.,N.D.,N.D.
3-Hydroxyphenylacetic acid-2TMS,N.D.,N.D.,N.D.,N.D.,N.D.,N.D.,N.D.,N.D.,N.D.,N.D.,N.D.,N.D.
2-Ketoglutaric acid-oxime-3TMS(1),N.D.,N.D.,N.D.,N.D.,N.D.,N.D.,N.D.,N.D.,N.D.,N.D.,N.D.,N.D.
Tartaric acid-4TMS,N.D.,N.D.,N.D.,N.D.,N.D.,N.D.,N.D.,N.D.,N.D.,N.D.,N.D.,N.D.
Anthranilic acid-2TMS,N.D.,N.D.,N.D.,N.D.,N.D.,N.D.,N.D.,N.D.,N.D.,N.D.,N.D.,N.D.
5-Aminovaleric acid-3TMS,0.047113559,N.D.,0.022271652,0.018699198,N.D.,N.D.,0.013398477,0.006931568,0.015384876,N.D.,N.D.,N.D.
Lyxose-meto-4TMS(1),N.D.,N.D.,N.D.,N.D.,N.D.,N.D.,N.D.,N.D.,N.D.,N.D.,N.D.,N.D.
Xylose-meto-4TMS(1),N.D.,N.D.,N.D.,N.D.,N.D.,N.D.,N.D.,N.D.,N.D.,N.D.,N.D.,N.D.
2-Ketoadipic acid-meto-2TMS(1),N.D.,N.D.,N.D.,N.D.,N.D.,N.D.,N.D.,N.D.,N.D.,N.D.,N.D.,N.D.
Phenylalanine-2TMS,1.03858177,0.03030254,0.087802868,0.198754807,0.206305635,0.171184314,0.147867946,N.D.,0.21305243,0.172909138,0.030789146,0.084675075
Ureidopropionic acid-3TMS,N.D.,N.D.,N.D.,N.D.,N.D.,N.D.,N.D.,N.D.,N.D.,N.D.,N.D.,N.D.
Xylose-meto-4TMS(2),N.D.,N.D.,N.D.,N.D.,N.D.,N.D.,N.D.,N.D.,N.D.,N.D.,N.D.,N.D.
4-Hydroxybenzoic acid-2TMS,N.D.,N.D.,N.D.,N.D.,N.D.,N.D.,N.D.,N.D.,N.D.,N.D.,N.D.,N.D.
4-Hydroxybenzoic acid-13C6-2TMS,N.D.,N.D.,N.D.,N.D.,N.D.,N.D.,N.D.,N.D.,N.D.,N.D.,N.D.,N.D.
2-Ketoglutaric acid-oxime-3TMS(2),N.D.,N.D.,N.D.,N.D.,N.D.,N.D.,N.D.,N.D.,N.D.,N.D.,N.D.,N.D.
Lyxose-meto-4TMS(2),N.D.,N.D.,N.D.,N.D.,N.D.,N.D.,N.D.,N.D.,N.D.,N.D.,N.D.,N.D.
Arabinose-meto-4TMS,N.D.,N.D.,N.D.,N.D.,N.D.,N.D.,N.D.,N.D.,N.D.,N.D.,N.D.,N.D.
Threo-b-hydroxyaspartic acid-4TMS,N.D.,N.D.,N.D.,N.D.,N.D.,N.D.,N.D.,N.D.,N.D.,N.D.,N.D.,N.D.
Hexanoylglycine-2TMS,N.D.,N.D.,N.D.,N.D.,N.D.,N.D.,N.D.,N.D.,N.D.,N.D.,N.D.,N.D.
4-Hydroxyphenylacetic acid-2TMS,N.D.,N.D.,N.D.,N.D.,N.D.,N.D.,N.D.,N.D.,N.D.,N.D.,N.D.,N.D.
Xylulose-meto-4TMS,N.D.,N.D.,N.D.,N.D.,N.D.,N.D.,N.D.,N.D.,N.D.,N.D.,N.D.,N.D.
Hexanoylglycine-TMS,N.D.,N.D.,N.D.,N.D.,N.D.,N.D.,N.D.,N.D.,N.D.,N.D.,N.D.,N.D.
Lauric acid-d3-TMS,N.D.,N.D.,N.D.,N.D.,N.D.,N.D.,N.D.,N.D.,N.D.,N.D.,N.D.,N.D.
Ribose-13C5-meto-4TMS,N.D.,N.D.,N.D.,N.D.,N.D.,N.D.,N.D.,N.D.,N.D.,N.D.,N.D.,N.D.
Ribulose-meto-4TMS,N.D.,N.D.,N.D.,N.D.,N.D.,N.D.,N.D.,N.D.,N.D.,N.D.,N.D.,N.D.
Lauric acid-TMS,0.53629478,0.042869585,0.139007078,0.130551526,0.236601384,0.157801035,0.110996168,0.225531958,0.201812338,0.126824613,0.145162159,0.132413247
Ribose-meto-4TMS,N.D.,N.D.,N.D.,N.D.,N.D.,N.D.,N.D.,N.D.,N.D.,N.D.,N.D.,N.D.
N-Acetylaspartic acid-2TMS,N.D.,N.D.,N.D.,N.D.,N.D.,N.D.,N.D.,N.D.,N.D.,N.D.,N.D.,N.D.
2-Ketoadipic acid-meto-2TMS(2),N.D.,N.D.,N.D.,N.D.,N.D.,N.D.,N.D.,N.D.,N.D.,N.D.,N.D.,N.D.
N-Acetylaspartic acid-3TMS,N.D.,N.D.,N.D.,N.D.,N.D.,N.D.,N.D.,N.D.,N.D.,N.D.,N.D.,N.D.
Homocysteine-3TMS,N.D.,N.D.,N.D.,N.D.,N.D.,N.D.,N.D.,N.D.,N.D.,N.D.,N.D.,N.D.
Asparagine-3TMS,N.D.,N.D.,N.D.,N.D.,N.D.,N.D.,N.D.,N.D.,N.D.,N.D.,N.D.,N.D.
Taurine-13C2-3TMS,N.D.,N.D.,N.D.,N.D.,N.D.,N.D.,N.D.,N.D.,N.D.,N.D.,N.D.,N.D.
Taurine-3TMS,N.D.,N.D.,N.D.,N.D.,N.D.,N.D.,N.D.,N.D.,N.D.,N.D.,N.D.,N.D.
3-Sulfinoalanine-3TMS,N.D.,N.D.,N.D.,N.D.,N.D.,N.D.,N.D.,N.D.,N.D.,N.D.,N.D.,N.D.
Ribonolactone-3TMS,N.D.,N.D.,N.D.,N.D.,N.D.,N.D.,N.D.,N.D.,N.D.,N.D.,N.D.,N.D.
4-Aminobenzoic acid-TMS,N.D.,N.D.,N.D.,N.D.,N.D.,N.D.,N.D.,N.D.,N.D.,N.D.,N.D.,N.D.
Ureidopropionic acid-2TMS,N.D.,N.D.,N.D.,N.D.,N.D.,N.D.,N.D.,N.D.,N.D.,N.D.,N.D.,N.D.
Xylitol-5TMS,N.D.,N.D.,N.D.,N.D.,N.D.,N.D.,N.D.,N.D.,N.D.,N.D.,N.D.,N.D.
Arabitol-5TMS,N.D.,N.D.,N.D.,N.D.,N.D.,N.D.,N.D.,N.D.,N.D.,N.D.,N.D.,N.D.
Rhamnose-meto-4TMS(1),N.D.,N.D.,N.D.,N.D.,N.D.,N.D.,N.D.,N.D.,N.D.,N.D.,N.D.,N.D.
Glyceraldehyde 3-phosphate-meto-3TMS(1),N.D.,N.D.,N.D.,N.D.,N.D.,N.D.,N.D.,N.D.,N.D.,N.D.,N.D.,N.D.
Lysine-3TMS,N.D.,N.D.,N.D.,N.D.,N.D.,N.D.,N.D.,N.D.,N.D.,N.D.,N.D.,N.D.
Ribitol-5TMS,N.D.,N.D.,N.D.,N.D.,N.D.,N.D.,N.D.,N.D.,N.D.,N.D.,N.D.,N.D.
Suberic acid-2TMS,N.D.,N.D.,N.D.,N.D.,N.D.,N.D.,N.D.,N.D.,N.D.,N.D.,N.D.,N.D.
"1,6-Anhydroglucose-3TMS",0.122118882,0.009654437,0.050392791,0.047051297,0.052470554,0.109971018,0.044748143,0.077645378,0.087725405,0.038449855,0.078705587,0.117235196
2-Ketoadipic acid-oxime-3TMS(1),N.D.,N.D.,N.D.,N.D.,N.D.,N.D.,N.D.,N.D.,N.D.,N.D.,N.D.,N.D.
Glycerol 2-phosphate-4TMS,N.D.,N.D.,N.D.,N.D.,N.D.,N.D.,N.D.,N.D.,N.D.,N.D.,N.D.,N.D.
Rhamnose-meto-4TMS(2),N.D.,N.D.,N.D.,N.D.,N.D.,N.D.,N.D.,N.D.,N.D.,N.D.,N.D.,N.D.
Fucose-meto-4TMS(1),N.D.,N.D.,N.D.,N.D.,N.D.,N.D.,N.D.,N.D.,N.D.,N.D.,N.D.,N.D.
2-Aminoadipic acid-3TMS,N.D.,N.D.,N.D.,N.D.,N.D.,N.D.,N.D.,N.D.,N.D.,N.D.,N.D.,N.D.
2-Deoxy-glucose-4TMS(1),N.D.,N.D.,N.D.,N.D.,N.D.,N.D.,N.D.,N.D.,N.D.,N.D.,N.D.,N.D.
Glyceraldehyde 3-phosphate-meto-3TMS(2),N.D.,N.D.,N.D.,N.D.,N.D.,N.D.,N.D.,N.D.,N.D.,N.D.,N.D.,N.D.
Glutamine-4TMS,N.D.,N.D.,N.D.,N.D.,N.D.,N.D.,N.D.,N.D.,N.D.,N.D.,N.D.,N.D.
2-Ketoadipic acid-oxime-3TMS(2),N.D.,N.D.,N.D.,N.D.,N.D.,N.D.,N.D.,N.D.,N.D.,N.D.,N.D.,N.D.
Fucose-meto-4TMS(2),N.D.,N.D.,N.D.,N.D.,N.D.,N.D.,N.D.,N.D.,N.D.,N.D.,N.D.,N.D.
Cysteic acid-3TMS,N.D.,N.D.,N.D.,N.D.,N.D.,N.D.,N.D.,N.D.,N.D.,N.D.,N.D.,N.D.
Putrescine-4TMS,0.118892846,0.007615612,0.028993112,0.05492395,0.06219044,0.046157107,N.D.,0.06628312,0.047208386,0.04674507,0.035227581,0.061306192
Dihydroxyacetone phosphate-meto-3TMS(1),N.D.,N.D.,N.D.,N.D.,N.D.,N.D.,N.D.,N.D.,N.D.,N.D.,N.D.,N.D.
Ribonic acid-5TMS,N.D.,N.D.,N.D.,N.D.,N.D.,N.D.,N.D.,N.D.,N.D.,N.D.,N.D.,N.D.
Quinolinic acid-2TMS,N.D.,N.D.,N.D.,N.D.,N.D.,N.D.,N.D.,N.D.,N.D.,N.D.,N.D.,N.D.
Aconitic acid-3TMS,N.D.,N.D.,N.D.,N.D.,N.D.,N.D.,N.D.,N.D.,N.D.,N.D.,N.D.,N.D.
Orotic acid-3TMS,N.D.,N.D.,N.D.,N.D.,N.D.,N.D.,N.D.,N.D.,N.D.,N.D.,N.D.,N.D.
Glycerol 3-phosphate-4TMS,N.D.,N.D.,N.D.,N.D.,N.D.,N.D.,N.D.,N.D.,N.D.,N.D.,N.D.,N.D.
Dihydroxyacetone phosphate-meto-3TMS(2),N.D.,N.D.,N.D.,N.D.,N.D.,N.D.,N.D.,N.D.,N.D.,N.D.,N.D.,N.D.
5-Aminolevulinic acid-meto-3TMS(1),N.D.,N.D.,N.D.,N.D.,N.D.,N.D.,N.D.,N.D.,N.D.,N.D.,N.D.,N.D.
2-Phosphoglyceric acid -4TMS,N.D.,N.D.,N.D.,N.D.,N.D.,N.D.,N.D.,N.D.,N.D.,N.D.,N.D.,N.D.
3-Hydroxyanthranilic acid-2TMS,N.D.,N.D.,N.D.,N.D.,N.D.,N.D.,N.D.,N.D.,N.D.,N.D.,N.D.,N.D.
Glutamine-3TMS,N.D.,N.D.,N.D.,N.D.,N.D.,N.D.,N.D.,N.D.,N.D.,N.D.,N.D.,N.D.
2-Deoxy-glucose-meto-4TMS,N.D.,N.D.,N.D.,0.123641526,0.153666771,0.069684304,N.D.,N.D.,N.D.,N.D.,N.D.,N.D.
3-Methoxy-4-hydroxybenzoic acid-2TMS,N.D.,N.D.,N.D.,N.D.,N.D.,N.D.,N.D.,N.D.,N.D.,N.D.,N.D.,N.D.
O-Phosphoethanolamine-4TMS,N.D.,N.D.,N.D.,N.D.,N.D.,N.D.,N.D.,N.D.,N.D.,N.D.,N.D.,N.D.
Dihydroorotic acid-3TMS,N.D.,N.D.,N.D.,N.D.,N.D.,N.D.,N.D.,N.D.,N.D.,N.D.,N.D.,N.D.
3-Dehydroshikimic acid-meto-3TMS(1),N.D.,N.D.,N.D.,N.D.,N.D.,N.D.,N.D.,N.D.,N.D.,N.D.,N.D.,N.D.
2-Deoxy-glucose-4TMS(2),0.050810057,0.007113044,0.022513866,0.016259599,0.06105435,0.042294206,0.028579955,0.043105689,0.035090162,N.D.,0.025524335,0.057695348
Homovanillic acid-2TMS,N.D.,N.D.,N.D.,N.D.,N.D.,N.D.,N.D.,N.D.,N.D.,N.D.,N.D.,N.D.
5-Aminolevulinic acid-meto-3TMS(2),N.D.,N.D.,N.D.,N.D.,N.D.,N.D.,N.D.,N.D.,N.D.,N.D.,N.D.,N.D.
3-Dehydroshikimic acid-meto-3TMS(2),N.D.,N.D.,N.D.,N.D.,N.D.,N.D.,N.D.,N.D.,N.D.,N.D.,N.D.,N.D.
3-Phosphoglyceric acid-4TMS,N.D.,N.D.,N.D.,N.D.,N.D.,N.D.,N.D.,N.D.,N.D.,N.D.,N.D.,N.D.
Shikimic acid-4TMS,N.D.,N.D.,N.D.,N.D.,N.D.,N.D.,N.D.,N.D.,N.D.,N.D.,N.D.,N.D.
Azelaic acid-2TMS,N.D.,0.002255843,N.D.,N.D.,N.D.,N.D.,N.D.,N.D.,N.D.,N.D.,N.D.,N.D.
Citric acid-d4-4TMS,N.D.,N.D.,N.D.,N.D.,N.D.,N.D.,N.D.,N.D.,N.D.,N.D.,N.D.,N.D.
Ornithine-d7-4TMS,N.D.,N.D.,N.D.,N.D.,N.D.,N.D.,N.D.,N.D.,N.D.,N.D.,N.D.,N.D.
Glycyl-Glycine-4TMS,N.D.,0.002592792,0.01455711,N.D.,N.D.,0.02658406,N.D.,N.D.,0.021040047,N.D.,N.D.,N.D.
Isocitric acid-4TMS,N.D.,N.D.,N.D.,N.D.,N.D.,N.D.,N.D.,N.D.,N.D.,N.D.,N.D.,N.D.
2-Aminopimelic acid-3TMS,N.D.,0.005628186,N.D.,N.D.,N.D.,N.D.,N.D.,N.D.,N.D.,N.D.,N.D.,N.D.
Citric acid-4TMS,N.D.,0.007270097,N.D.,0.02852353,0.030379904,0.01998367,N.D.,0.02286236,0.022690936,N.D.,0.01727391,N.D.
Ornithine-4TMS,3.438617687,0.035416736,0.057368577,0.22624975,0.347370216,0.336026779,0.150585725,N.D.,0.42663174,0.168408216,N.D.,0.091677924
Hippuric acid-2TMS,N.D.,N.D.,N.D.,N.D.,N.D.,N.D.,N.D.,N.D.,N.D.,N.D.,N.D.,N.D.
Protocatechuic acid-3TMS,N.D.,N.D.,N.D.,N.D.,N.D.,N.D.,N.D.,N.D.,N.D.,N.D.,N.D.,N.D.
Arginine-3TMS,N.D.,N.D.,N.D.,N.D.,N.D.,N.D.,N.D.,N.D.,N.D.,N.D.,N.D.,N.D.
Histidinol-2TMS,N.D.,N.D.,N.D.,N.D.,N.D.,N.D.,N.D.,N.D.,N.D.,N.D.,N.D.,N.D.
Tagatose-meto-5TMS(1),N.D.,N.D.,N.D.,N.D.,N.D.,N.D.,N.D.,N.D.,N.D.,N.D.,N.D.,N.D.
O-Phospho-Serine-4TMS,N.D.,N.D.,N.D.,N.D.,N.D.,N.D.,N.D.,N.D.,N.D.,N.D.,N.D.,N.D.
Dopamine-3TMS,N.D.,N.D.,N.D.,N.D.,N.D.,N.D.,N.D.,N.D.,N.D.,N.D.,N.D.,N.D.
Hypoxanthine-2TMS,N.D.,N.D.,N.D.,N.D.,N.D.,N.D.,N.D.,N.D.,N.D.,N.D.,N.D.,N.D.
Glycyl-Glycine-3TMS,0.382453217,0.032092937,0.173571131,0.127821812,0.295341475,0.238602586,0.065676772,0.275451064,0.218005096,0.13372193,0.134392622,0.288851893
Psicose-meto-5TMS(1),N.D.,N.D.,N.D.,N.D.,N.D.,N.D.,N.D.,N.D.,N.D.,N.D.,N.D.,N.D.
Homogentisic acid-3TMS,N.D.,N.D.,N.D.,N.D.,N.D.,N.D.,N.D.,N.D.,N.D.,N.D.,N.D.,N.D.
Cadaverine-4TMS,0.299281992,0.029922759,0.147133385,0.105034637,0.221727013,0.237614048,0.08634574,0.248197398,0.174871243,0.107484474,0.099884787,0.258292585
Epinephrine-3TMS,N.D.,N.D.,N.D.,N.D.,N.D.,N.D.,N.D.,N.D.,N.D.,N.D.,N.D.,N.D.
Psicose-meto-5TMS(2),0.821966935,0.006801795,0.024136706,0.083289236,0.102816198,0.026812184,0.087055479,0.146685371,0.066386793,0.108928456,0.106535776,0.134460955
"1,5-Anhydro-glucitol-4TMS",N.D.,N.D.,N.D.,N.D.,N.D.,N.D.,N.D.,N.D.,N.D.,N.D.,N.D.,N.D.
Tagatose-meto-5TMS(2),0.75909285,0.002332942,0.022223209,0.050559045,0.07249941,0.019071174,0.084008797,0.122405191,0.063506519,0.090955491,0.092780625,0.106105668
Methionine sulfone-2TMS,N.D.,N.D.,N.D.,N.D.,N.D.,N.D.,N.D.,N.D.,N.D.,N.D.,N.D.,N.D.
Sorbose-meto-5TMS(1),0.627900743,0.005939435,0.012910049,0.050123874,0.102037766,N.D.,0.069190843,0.106356248,0.050703352,0.048649897,0.069415529,0.11923601
2-Methylhippuric acid-2TMS,N.D.,N.D.,N.D.,N.D.,N.D.,N.D.,N.D.,N.D.,N.D.,N.D.,N.D.,N.D.
Fructose-meto-5TMS(1),0.76450318,0.004397466,0.023967155,0.055596488,0.10409956,N.D.,0.0903272,0.126146663,0.081121851,0.070202093,0.099125055,0.144480656
Pyridoxal-meto-2TMS(1),N.D.,N.D.,N.D.,N.D.,N.D.,N.D.,N.D.,N.D.,N.D.,N.D.,N.D.,N.D.
Sorbose-meto-5TMS(2),0.611568939,0.007587057,0.015562301,0.039587442,0.066818958,0.021854287,0.069537057,0.119628625,0.039586199,0.063996044,0.06599007,0.104026698
4-Aminobenzoic acid-2TMS,N.D.,N.D.,N.D.,N.D.,N.D.,N.D.,N.D.,N.D.,N.D.,N.D.,N.D.,N.D.
Histidinol-3TMS,N.D.,N.D.,N.D.,N.D.,N.D.,N.D.,N.D.,N.D.,N.D.,N.D.,N.D.,N.D.
Galactosamine-5TMS(1),N.D.,N.D.,N.D.,N.D.,N.D.,N.D.,N.D.,N.D.,N.D.,N.D.,N.D.,N.D.
Allose-meto-5TMS(1),0.40174222,N.D.,N.D.,N.D.,N.D.,N.D.,N.D.,N.D.,N.D.,N.D.,N.D.,N.D.
Myristic acid-TMS,2.888007375,0.077672389,0.243062559,0.192108548,0.42260466,0.317259771,0.267882985,0.292484605,0.358383307,0.255784476,0.252897512,0.281645836
Fructose-meto-5TMS(2),0.672225126,0.004888612,0.020745698,0.053657996,0.051544851,N.D.,0.064049567,0.094816762,0.053004059,0.062306278,0.075533372,0.130912636
Mannose-meto-5TMS(1),0.532060609,0.00479438,0.030070968,0.066673587,0.083439542,N.D.,0.03467332,0.05661437,0.067071736,0.066377078,0.065976741,0.067793206
Galactose-meto-5TMS(1),0.728109468,0.005128474,0.025868541,0.066475782,0.095515764,0.029732173,0.036854467,0.11947109,0.061574629,0.0784205,0.065670182,0.096508014
3-Hydroxyanthranilic acid-3TMS,N.D.,N.D.,N.D.,N.D.,N.D.,N.D.,N.D.,N.D.,N.D.,N.D.,N.D.,N.D.
5-Dehydroquinic acid-meto-4TMS,N.D.,N.D.,N.D.,N.D.,N.D.,N.D.,N.D.,N.D.,N.D.,N.D.,N.D.,N.D.
Vanilmandelic acid-3TMS,N.D.,N.D.,N.D.,N.D.,N.D.,N.D.,N.D.,N.D.,N.D.,N.D.,N.D.,N.D.
"Glucono-1,5-lactone-4TMS",N.D.,N.D.,N.D.,N.D.,N.D.,N.D.,N.D.,N.D.,N.D.,N.D.,N.D.,N.D.
Glucose-meto-5TMS(1),0.696722832,0.007324351,0.029065777,0.068295591,0.093432931,0.039845674,0.075838149,0.116458221,0.058852419,0.084396127,0.08053161,0.097852311
Hippuric acid-TMS,N.D.,N.D.,N.D.,N.D.,N.D.,N.D.,N.D.,N.D.,N.D.,N.D.,N.D.,N.D.
Mannose-meto-5TMS(2),0.749750789,0.007709843,0.031911801,0.064853778,0.065493518,N.D.,0.084960885,0.120947986,0.04304604,0.062705677,0.102243956,0.127833258
Allantoin-4TMS,N.D.,N.D.,N.D.,N.D.,N.D.,N.D.,N.D.,N.D.,N.D.,N.D.,N.D.,N.D.
Allose-meto-5TMS(2),0.696722832,0.007324351,0.029065777,0.068295591,0.093432931,0.039845674,0.075838149,0.116458221,0.058852419,0.084396127,0.08053161,0.097852311
Vanillylamine-3TMS,N.D.,N.D.,N.D.,N.D.,N.D.,N.D.,N.D.,N.D.,N.D.,N.D.,N.D.,N.D.
Erythrose 4-phosphate-meto-4TMS(1),N.D.,N.D.,N.D.,N.D.,N.D.,N.D.,N.D.,N.D.,N.D.,N.D.,N.D.,N.D.
Pyridoxal-meto-2TMS(2),N.D.,N.D.,N.D.,N.D.,N.D.,N.D.,N.D.,N.D.,N.D.,N.D.,N.D.,N.D.
Histamine-3TMS,N.D.,N.D.,N.D.,N.D.,N.D.,N.D.,N.D.,N.D.,N.D.,N.D.,N.D.,N.D.
N6-Acetyllysine-3TMS,N.D.,N.D.,N.D.,N.D.,N.D.,N.D.,N.D.,N.D.,N.D.,N.D.,N.D.,N.D.
Erythrose 4-phosphate-meto-4TMS(2),N.D.,N.D.,N.D.,N.D.,N.D.,N.D.,N.D.,N.D.,N.D.,N.D.,N.D.,N.D.
Galactose-meto-5TMS(2),0.092983749,N.D.,N.D.,N.D.,N.D.,N.D.,N.D.,N.D.,N.D.,N.D.,N.D.,N.D.
Adenine-2TMS,N.D.,N.D.,0.041624615,N.D.,N.D.,N.D.,N.D.,N.D.,N.D.,N.D.,N.D.,N.D.
N-Acetyl-Lysine-2TMS,N.D.,N.D.,N.D.,N.D.,N.D.,N.D.,N.D.,N.D.,N.D.,N.D.,N.D.,N.D.
Glucose-meto-5TMS(2),0.101183256,0.004714426,0.014242231,0.04788208,0.940241193,N.D.,0.079992716,0.036981491,0.043397293,0.067667444,0.01991298,0.016084669
4-Hydroxyphenyllactic acid-3TMS,N.D.,N.D.,N.D.,N.D.,N.D.,N.D.,N.D.,N.D.,N.D.,N.D.,N.D.,N.D.
Pyridoxine-3TMS,N.D.,N.D.,N.D.,N.D.,N.D.,N.D.,N.D.,N.D.,N.D.,N.D.,N.D.,N.D.
5-Dehydroquinic acid-5TMS,N.D.,N.D.,N.D.,N.D.,N.D.,N.D.,N.D.,N.D.,N.D.,N.D.,N.D.,N.D.
Glucosamine-5TMS(1),N.D.,N.D.,N.D.,N.D.,N.D.,N.D.,N.D.,N.D.,N.D.,N.D.,N.D.,N.D.
Sebacic acid-2TMS,N.D.,N.D.,N.D.,N.D.,N.D.,N.D.,N.D.,N.D.,N.D.,N.D.,N.D.,N.D.
Mannitol-6TMS,0.110155667,N.D.,0.016930815,0.02223332,0.874789752,0.007999551,0.08258932,0.04180602,0.033456836,0.047374892,0.009716575,N.D.
N-Acetylglutamine-3TMS,N.D.,N.D.,N.D.,N.D.,N.D.,N.D.,N.D.,N.D.,N.D.,N.D.,N.D.,N.D.
Sorbitol-6TMS,0.719909961,0.093740274,0.071526033,0.313877516,0.527819271,0.213767477,0.465692282,0.63805872,0.164878099,0.472105237,0.376747184,0.126488961
Galactitol-6TMS,N.D.,N.D.,N.D.,N.D.,N.D.,N.D.,N.D.,N.D.,N.D.,N.D.,N.D.,N.D.
Lysine-4TMS,0.109550785,0.007258675,N.D.,0.035855515,0.054574426,0.161405395,N.D.,N.D.,0.201232771,0.036652559,N.D.,N.D.
4-Hydroxyphenylpyruvic acid-meto-2TMS,N.D.,N.D.,N.D.,N.D.,N.D.,N.D.,N.D.,N.D.,N.D.,N.D.,N.D.,N.D.
Glucuronic acid-meto-5TMS(1),N.D.,N.D.,N.D.,N.D.,N.D.,N.D.,N.D.,N.D.,N.D.,N.D.,N.D.,N.D.
"Glucono-1,4-lactone-4TMS",N.D.,N.D.,N.D.,N.D.,N.D.,N.D.,N.D.,N.D.,N.D.,N.D.,N.D.,N.D.
2-Methylhippuric acid-TMS,N.D.,N.D.,N.D.,N.D.,N.D.,N.D.,N.D.,N.D.,N.D.,N.D.,N.D.,N.D.
Tyramine-3TMS,N.D.,N.D.,N.D.,N.D.,N.D.,N.D.,N.D.,N.D.,N.D.,N.D.,N.D.,N.D.
Galacturonic acid-meto-5TMS(1),N.D.,N.D.,N.D.,N.D.,N.D.,N.D.,N.D.,N.D.,N.D.,N.D.,N.D.,N.D.
Histidine-3TMS,N.D.,N.D.,N.D.,N.D.,N.D.,N.D.,N.D.,N.D.,N.D.,N.D.,N.D.,N.D.
Glucosamine-5TMS(2),N.D.,N.D.,N.D.,N.D.,N.D.,N.D.,N.D.,N.D.,N.D.,N.D.,N.D.,N.D.
"3,4-Dihydroxybenzylamine-4TMS",N.D.,N.D.,N.D.,N.D.,N.D.,N.D.,N.D.,N.D.,N.D.,N.D.,N.D.,N.D.
Urocanic acid-TMS,N.D.,N.D.,N.D.,N.D.,N.D.,N.D.,N.D.,N.D.,N.D.,N.D.,N.D.,N.D.
Glucuronic acid-meto-5TMS(2),N.D.,N.D.,N.D.,N.D.,N.D.,N.D.,N.D.,N.D.,N.D.,N.D.,N.D.,N.D.
Ureidosuccinic acid-3TMS,N.D.,N.D.,N.D.,N.D.,N.D.,N.D.,N.D.,N.D.,N.D.,N.D.,N.D.,N.D.
Galactosamine-5TMS(2),N.D.,N.D.,N.D.,N.D.,N.D.,N.D.,N.D.,N.D.,N.D.,N.D.,N.D.,N.D.
Tyrosine-13C6-3TMS,N.D.,N.D.,N.D.,N.D.,N.D.,N.D.,N.D.,N.D.,N.D.,N.D.,N.D.,N.D.
Ascorbic acid-4TMS,N.D.,N.D.,N.D.,N.D.,N.D.,N.D.,N.D.,N.D.,N.D.,N.D.,N.D.,N.D.
Tyrosine-3TMS,0.582064157,0.015431109,N.D.,0.094735572,0.125495932,0.118426817,0.072670292,N.D.,0.204920926,0.121816761,N.D.,0.034748512
Pyridoxamine-3TMS,N.D.,N.D.,N.D.,N.D.,N.D.,N.D.,N.D.,N.D.,N.D.,N.D.,N.D.,N.D.
Galacturonic acid-meto-5TMS(2),N.D.,N.D.,N.D.,N.D.,N.D.,N.D.,N.D.,N.D.,N.D.,N.D.,N.D.,N.D.
N-Acetylglutamine-2TMS,N.D.,N.D.,N.D.,N.D.,N.D.,N.D.,N.D.,N.D.,N.D.,N.D.,N.D.,N.D.
N6-Acetyllysine-2TMS,N.D.,N.D.,N.D.,N.D.,N.D.,N.D.,N.D.,N.D.,N.D.,N.D.,N.D.,N.D.
Epinephrine-4TMS,N.D.,N.D.,N.D.,N.D.,N.D.,N.D.,N.D.,N.D.,N.D.,N.D.,N.D.,N.D.
Coniferyl alcohol-2TMS,N.D.,N.D.,N.D.,N.D.,N.D.,N.D.,N.D.,N.D.,N.D.,N.D.,N.D.,N.D.
2-Hydroxyhippuric acid-3TMS,N.D.,N.D.,N.D.,N.D.,N.D.,N.D.,N.D.,N.D.,N.D.,N.D.,N.D.,N.D.
Indol-3-acetic acid-TMS,N.D.,N.D.,N.D.,N.D.,N.D.,N.D.,N.D.,N.D.,N.D.,N.D.,N.D.,N.D.
1-Hexadecanol-TMS,0.23939871,0.011459112,0.068171358,0.092150915,0.114787227,0.070885758,0.071822068,0.088318417,0.063524082,0.071046976,0.064017432,0.056241632
N-Acetyl-Ornithine-4TMS,N.D.,N.D.,N.D.,N.D.,N.D.,N.D.,N.D.,N.D.,N.D.,N.D.,N.D.,N.D.
Coniferyl aldehyde-meto-TMS(1),N.D.,N.D.,N.D.,N.D.,N.D.,N.D.,N.D.,N.D.,N.D.,N.D.,N.D.,N.D.
Gluconic acid-6TMS,N.D.,N.D.,N.D.,N.D.,N.D.,N.D.,N.D.,N.D.,N.D.,N.D.,N.D.,N.D.
Coniferyl aldehyde-meto-TMS(2),N.D.,N.D.,N.D.,N.D.,N.D.,N.D.,N.D.,N.D.,N.D.,N.D.,N.D.,N.D.
Tryptamine-2TMS,N.D.,N.D.,N.D.,N.D.,N.D.,N.D.,N.D.,N.D.,N.D.,N.D.,N.D.,N.D.
Indol-3-acetic acid-2TMS,N.D.,N.D.,N.D.,N.D.,N.D.,N.D.,N.D.,N.D.,N.D.,N.D.,N.D.,N.D.
Pantothenic acid-3TMS,N.D.,N.D.,N.D.,N.D.,N.D.,N.D.,N.D.,N.D.,N.D.,N.D.,N.D.,N.D.
Lipoic acid-TMS,N.D.,N.D.,N.D.,N.D.,N.D.,N.D.,N.D.,N.D.,N.D.,N.D.,N.D.,N.D.
Glucaric acid-6TMS,N.D.,N.D.,N.D.,N.D.,N.D.,N.D.,N.D.,N.D.,N.D.,N.D.,N.D.,N.D.
ParaXanthine-TMS,N.D.,N.D.,N.D.,N.D.,N.D.,N.D.,N.D.,N.D.,N.D.,N.D.,N.D.,N.D.
S-Benzyl-Cysteine-4TMS,N.D.,N.D.,N.D.,N.D.,N.D.,N.D.,N.D.,N.D.,N.D.,N.D.,N.D.,N.D.
Octopamine-4TMS,N.D.,N.D.,N.D.,N.D.,N.D.,N.D.,N.D.,N.D.,N.D.,N.D.,N.D.,N.D.
Xanthine-3TMS,N.D.,N.D.,N.D.,N.D.,N.D.,N.D.,N.D.,N.D.,N.D.,N.D.,N.D.,N.D.
Urocanic acid-2TMS,N.D.,N.D.,N.D.,N.D.,N.D.,N.D.,N.D.,N.D.,N.D.,N.D.,N.D.,N.D.
Palmitoleic acid-TMS,N.D.,0.016433389,0.032832217,N.D.,0.098566378,0.067585563,N.D.,N.D.,0.090974494,N.D.,N.D.,N.D.
Inositol-6TMS(1),N.D.,N.D.,N.D.,N.D.,N.D.,N.D.,N.D.,N.D.,N.D.,N.D.,N.D.,N.D.
Palmitic acid-TMS,17.93480774,1.283169231,3.771756869,3.402225505,6.241071564,4.471810007,4.291494079,5.234377585,5.669572629,4.754632624,4.306708408,4.334122686
N-Acetylmannosamine-meto-4TMS(1),N.D.,N.D.,N.D.,N.D.,N.D.,N.D.,N.D.,N.D.,N.D.,N.D.,N.D.,N.D.
Inositol-6TMS(2),N.D.,N.D.,N.D.,N.D.,N.D.,N.D.,N.D.,N.D.,N.D.,N.D.,N.D.,N.D.
Dopamine-4TMS,N.D.,N.D.,N.D.,N.D.,N.D.,N.D.,N.D.,N.D.,N.D.,N.D.,N.D.,N.D.
Ribulose 5-phosphate-meto-5TMS(1),N.D.,N.D.,N.D.,N.D.,N.D.,N.D.,N.D.,N.D.,N.D.,N.D.,N.D.,N.D.
Ribose 5-phosphate-meto-5TMS(1),N.D.,N.D.,N.D.,N.D.,N.D.,N.D.,N.D.,N.D.,N.D.,N.D.,N.D.,N.D.
N-Acetylmannosamine-meto-4TMS(2),N.D.,N.D.,N.D.,N.D.,N.D.,N.D.,N.D.,N.D.,N.D.,N.D.,N.D.,N.D.
Ribose 5-phosphate-meto-5TMS(2),N.D.,N.D.,N.D.,N.D.,N.D.,N.D.,N.D.,N.D.,N.D.,N.D.,N.D.,N.D.
Allantoin-3TMS,N.D.,N.D.,N.D.,N.D.,N.D.,N.D.,N.D.,N.D.,N.D.,N.D.,N.D.,N.D.
Dopa-13C6-4TMS,N.D.,N.D.,N.D.,N.D.,N.D.,N.D.,N.D.,N.D.,N.D.,N.D.,N.D.,N.D.
Dopa-4TMS,N.D.,N.D.,N.D.,N.D.,N.D.,N.D.,N.D.,N.D.,N.D.,N.D.,N.D.,N.D.
Ribulose 5-phosphate-meto-5TMS(2),N.D.,N.D.,N.D.,N.D.,N.D.,N.D.,N.D.,N.D.,N.D.,N.D.,N.D.,N.D.
2-Hydroxyhippuric acid-2TMS,N.D.,N.D.,N.D.,N.D.,N.D.,N.D.,N.D.,N.D.,N.D.,N.D.,N.D.,N.D.
Dodecanedioic acid-2TMS,N.D.,N.D.,N.D.,N.D.,N.D.,N.D.,N.D.,N.D.,N.D.,N.D.,N.D.,N.D.
N-Acetyltyrosine-3TMS,N.D.,N.D.,N.D.,N.D.,N.D.,N.D.,N.D.,N.D.,N.D.,N.D.,N.D.,N.D.
Kynurenic acid-2TMS,N.D.,N.D.,N.D.,N.D.,N.D.,N.D.,N.D.,N.D.,N.D.,N.D.,N.D.,N.D.
Uric acid-4TMS,N.D.,N.D.,N.D.,N.D.,N.D.,N.D.,N.D.,N.D.,N.D.,N.D.,N.D.,N.D.
Metoprolol-TMS,N.D.,N.D.,N.D.,N.D.,N.D.,N.D.,N.D.,N.D.,N.D.,N.D.,N.D.,N.D.
Pyridoxamine-4TMS,N.D.,N.D.,N.D.,N.D.,N.D.,N.D.,N.D.,N.D.,N.D.,N.D.,N.D.,N.D.
Citrulline-3TMS,N.D.,N.D.,N.D.,N.D.,N.D.,N.D.,N.D.,N.D.,N.D.,N.D.,N.D.,N.D.
Methoprene acid-TMS,N.D.,N.D.,N.D.,N.D.,N.D.,N.D.,N.D.,N.D.,N.D.,N.D.,N.D.,N.D.
Guanine-3TMS,N.D.,N.D.,N.D.,N.D.,N.D.,N.D.,N.D.,N.D.,N.D.,N.D.,N.D.,N.D.
Norepinephrine-5TMS,N.D.,N.D.,N.D.,N.D.,N.D.,N.D.,N.D.,N.D.,N.D.,N.D.,N.D.,N.D.
N-Acetyltyrosine-2TMS,N.D.,N.D.,N.D.,N.D.,N.D.,N.D.,N.D.,N.D.,N.D.,N.D.,N.D.,N.D.
Margaric acid-TMS,0.634184792,0.013212387,0.045233615,0.044163339,0.067660506,0.038720262,0.044315376,0.061793354,0.058079663,0.048834235,0.053087951,0.040657166
Kynurenine-2TMS,N.D.,N.D.,N.D.,N.D.,N.D.,N.D.,N.D.,N.D.,N.D.,N.D.,N.D.,N.D.
Octadecanol-TMS,0.751128575,0.070199552,0.420315355,0.291446391,0.53995861,0.358900021,0.36880433,0.503129445,0.463249852,0.325863677,0.343199011,0.363694842
"2,3-Bisphosphoglyceric acid-5TMS",N.D.,N.D.,N.D.,N.D.,N.D.,N.D.,N.D.,N.D.,N.D.,N.D.,N.D.,N.D.
Kynurenine-d6-3TMS,N.D.,N.D.,N.D.,N.D.,N.D.,N.D.,N.D.,N.D.,N.D.,N.D.,N.D.,N.D.
Kynurenine-3TMS,N.D.,N.D.,N.D.,N.D.,N.D.,N.D.,N.D.,N.D.,N.D.,N.D.,N.D.,N.D.
Cystathionine-4TMS,N.D.,N.D.,N.D.,N.D.,N.D.,N.D.,N.D.,N.D.,N.D.,N.D.,N.D.,N.D.
Cystamine-d8-nTMS,N.D.,N.D.,N.D.,N.D.,N.D.,N.D.,N.D.,N.D.,N.D.,N.D.,N.D.,N.D.
Cystamine-nTMS,N.D.,N.D.,N.D.,N.D.,N.D.,N.D.,N.D.,N.D.,N.D.,N.D.,N.D.,N.D.
7-Methylguanine-2TMS,N.D.,N.D.,N.D.,N.D.,N.D.,N.D.,N.D.,N.D.,N.D.,N.D.,N.D.,N.D.
Linoleic acid-TMS,0.089455273,0.007113044,0.026946397,0.019200305,0.049861754,0.032880285,0.030345646,0.02941978,0.039340322,0.027451015,0.021112557,0.027761295
Oleic acid-TMS,1.957094536,0.141823998,0.244043529,0.156978319,0.602738134,0.415961459,0.205200963,0.294375032,0.58706649,0.150066575,0.218123104,0.167114865
Tryptophan-3TMS,N.D.,N.D.,N.D.,N.D.,N.D.,N.D.,N.D.,N.D.,N.D.,N.D.,N.D.,N.D.
Suberylglycine-3TMS,N.D.,N.D.,N.D.,N.D.,N.D.,N.D.,N.D.,N.D.,N.D.,N.D.,N.D.,N.D.
Tryptophan-13C11-3TMS,N.D.,N.D.,N.D.,N.D.,N.D.,N.D.,N.D.,N.D.,N.D.,N.D.,N.D.,N.D.
Elaidic acid-TMS,0.159520729,0.024137521,0.065155783,0.019727786,0.090466473,0.071235548,0.019889987,N.D.,0.079031897,N.D.,N.D.,0.014396482
Spermidine-5TMS,N.D.,N.D.,N.D.,N.D.,N.D.,N.D.,N.D.,N.D.,N.D.,N.D.,N.D.,N.D.
Tryptamine-3TMS,N.D.,N.D.,N.D.,N.D.,N.D.,N.D.,N.D.,N.D.,N.D.,N.D.,N.D.,N.D.
Stearic acid-TMS,11.358669,1.152296067,3.62290376,3.285863216,6.459579654,4.682368539,4.659640602,5.434979528,5.659403858,4.55295138,4.126225368,4.46455075
Fructose 1-phosphate-meto-6TMS(1),N.D.,N.D.,N.D.,N.D.,N.D.,N.D.,N.D.,N.D.,N.D.,N.D.,N.D.,N.D.
Fructose 1-phosphate-meto-6TMS(2),N.D.,N.D.,N.D.,N.D.,N.D.,N.D.,N.D.,N.D.,N.D.,N.D.,N.D.,N.D.
Fructose 6-phosphate-meto-6TMS,N.D.,N.D.,N.D.,N.D.,N.D.,N.D.,N.D.,N.D.,N.D.,N.D.,N.D.,N.D.
Mannose 6-phosphate-meto-6TMS(1),N.D.,N.D.,N.D.,N.D.,N.D.,N.D.,N.D.,N.D.,N.D.,N.D.,N.D.,N.D.
Suberylglycine-2TMS,N.D.,N.D.,N.D.,N.D.,N.D.,N.D.,N.D.,N.D.,N.D.,N.D.,N.D.,N.D.
Glucose 6-phosphate-meto-6TMS(1),N.D.,N.D.,N.D.,N.D.,N.D.,N.D.,N.D.,N.D.,N.D.,N.D.,N.D.,N.D.
Cystine-4TMS,N.D.,N.D.,N.D.,N.D.,N.D.,N.D.,N.D.,N.D.,N.D.,N.D.,N.D.,N.D.
Mannose 6-phosphate-meto-6TMS(2),N.D.,N.D.,N.D.,N.D.,N.D.,N.D.,N.D.,N.D.,N.D.,N.D.,N.D.,N.D.
Metoprolol-2TMS,N.D.,N.D.,N.D.,N.D.,N.D.,N.D.,N.D.,N.D.,N.D.,N.D.,N.D.,N.D.
Glucose 6-phosphate-meto-6TMS(2),N.D.,N.D.,N.D.,N.D.,N.D.,N.D.,N.D.,N.D.,N.D.,N.D.,N.D.,N.D.
3-Hydroxy-kynurenine-3TMS,N.D.,N.D.,N.D.,N.D.,N.D.,N.D.,N.D.,N.D.,N.D.,N.D.,N.D.,N.D.
2'-Deoxyuridine-2TMS,N.D.,N.D.,N.D.,N.D.,N.D.,N.D.,N.D.,N.D.,N.D.,N.D.,N.D.,N.D.
Arachidonic acid-TMS,N.D.,N.D.,N.D.,N.D.,N.D.,N.D.,N.D.,N.D.,N.D.,N.D.,N.D.,N.D.
6-Phosphogluconic acid-7TMS,N.D.,N.D.,N.D.,N.D.,N.D.,N.D.,N.D.,N.D.,N.D.,N.D.,N.D.,N.D.
Juniperic acid-2TMS,N.D.,N.D.,N.D.,N.D.,N.D.,N.D.,N.D.,N.D.,N.D.,N.D.,N.D.,N.D.
Eicosapentaenoic acid-TMS,N.D.,N.D.,N.D.,N.D.,N.D.,N.D.,N.D.,N.D.,N.D.,N.D.,N.D.,N.D.
Porphobilinogen-4TMS,N.D.,N.D.,N.D.,N.D.,N.D.,N.D.,N.D.,N.D.,N.D.,N.D.,N.D.,N.D.
Inositol phosphate-7TMS,N.D.,N.D.,N.D.,N.D.,N.D.,N.D.,N.D.,N.D.,N.D.,N.D.,N.D.,N.D.
Thymidine-2TMS,N.D.,N.D.,N.D.,N.D.,N.D.,N.D.,N.D.,N.D.,N.D.,N.D.,N.D.,N.D.
5-Hydroxy-tryptophan-4TMS,N.D.,N.D.,N.D.,N.D.,N.D.,N.D.,N.D.,N.D.,N.D.,N.D.,N.D.,N.D.
Oleamide-TMS,4.022866139,0.207868801,0.796995713,0.659245643,1.997415562,3.312087985,3.262719552,1.416166622,2.530074447,3.525235748,0.522295873,0.742942887
Uridine-4TMS,N.D.,N.D.,N.D.,N.D.,N.D.,N.D.,N.D.,N.D.,N.D.,N.D.,N.D.,N.D.
5-Methoxytryptamine-3TMS,N.D.,N.D.,N.D.,N.D.,N.D.,N.D.,N.D.,N.D.,N.D.,N.D.,N.D.,N.D.
2'-Deoxyuridine-3TMS,N.D.,N.D.,N.D.,N.D.,N.D.,N.D.,N.D.,N.D.,N.D.,N.D.,N.D.,N.D.
Saccharopine-4TMS,N.D.,N.D.,N.D.,N.D.,N.D.,N.D.,N.D.,N.D.,N.D.,N.D.,N.D.,N.D.
Uridine-3TMS,N.D.,N.D.,N.D.,N.D.,N.D.,N.D.,N.D.,N.D.,N.D.,N.D.,N.D.,N.D.
p-Aminohippuric acid-2TMS,N.D.,N.D.,N.D.,N.D.,N.D.,N.D.,N.D.,N.D.,N.D.,N.D.,N.D.,N.D.
5-Methoxytryptamine-2TMS,N.D.,N.D.,N.D.,N.D.,N.D.,N.D.,N.D.,N.D.,N.D.,N.D.,N.D.,N.D.
Thymidine-3TMS,N.D.,N.D.,N.D.,N.D.,N.D.,N.D.,N.D.,N.D.,N.D.,N.D.,N.D.,N.D.
Biotin-3TMS,N.D.,N.D.,N.D.,N.D.,N.D.,N.D.,N.D.,N.D.,N.D.,N.D.,N.D.,N.D.
Melatonin-TMS,N.D.,N.D.,N.D.,N.D.,N.D.,N.D.,N.D.,N.D.,N.D.,N.D.,N.D.,N.D.
Sedoheptulose 7-phosphate-meto-7TMS,N.D.,N.D.,N.D.,N.D.,N.D.,N.D.,N.D.,N.D.,N.D.,N.D.,N.D.,N.D.
Saccharopine-5TMS,N.D.,N.D.,N.D.,N.D.,N.D.,N.D.,N.D.,N.D.,N.D.,N.D.,N.D.,N.D.
Homocystine-4TMS,N.D.,N.D.,N.D.,N.D.,N.D.,N.D.,N.D.,N.D.,N.D.,N.D.,N.D.,N.D.
Inosine-4TMS,N.D.,N.D.,N.D.,N.D.,N.D.,N.D.,N.D.,N.D.,N.D.,N.D.,N.D.,N.D.
Fendiline,N.D.,N.D.,N.D.,N.D.,N.D.,N.D.,N.D.,N.D.,N.D.,N.D.,N.D.,N.D.
Docosahexaenoic acid-TMS,N.D.,N.D.,N.D.,N.D.,N.D.,N.D.,N.D.,N.D.,N.D.,N.D.,N.D.,N.D.
Sucrose-8TMS,851.6276424,89.51838675,323.8596179,321.1310778,518.3793895,375.0643918,429.6405988,499.9979323,414.5775843,415.5481261,361.8431182,435.8966387
N-Acetylneuraminic acid-6TMS,N.D.,N.D.,N.D.,N.D.,N.D.,N.D.,N.D.,N.D.,N.D.,N.D.,N.D.,N.D.
Docosapentaenoic acid-TMS,2.633990692,0.412288161,1.335717777,0.965158198,1.613984989,1.282665696,1.468500769,1.734191693,1.336675247,1.533324319,1.497325476,1.719199446
Adenosine-4TMS,N.D.,N.D.,N.D.,N.D.,N.D.,N.D.,N.D.,N.D.,N.D.,N.D.,N.D.,N.D.
Lactose-meto-8TMS(1),N.D.,N.D.,N.D.,N.D.,N.D.,N.D.,N.D.,N.D.,N.D.,N.D.,N.D.,N.D.
Fendiline-TMS,N.D.,N.D.,N.D.,N.D.,N.D.,N.D.,N.D.,N.D.,N.D.,N.D.,N.D.,N.D.
Lactose-meto-8TMS(2),N.D.,N.D.,N.D.,N.D.,N.D.,N.D.,N.D.,N.D.,N.D.,N.D.,N.D.,N.D.
Xanthosine-5TMS,N.D.,N.D.,N.D.,N.D.,N.D.,N.D.,N.D.,N.D.,N.D.,N.D.,N.D.,N.D.
Batyl alcohol-2TMS,N.D.,N.D.,N.D.,N.D.,N.D.,N.D.,N.D.,N.D.,N.D.,N.D.,N.D.,N.D.
Maltose-meto-8TMS(1),N.D.,N.D.,N.D.,N.D.,N.D.,N.D.,N.D.,N.D.,N.D.,N.D.,N.D.,N.D.
Trehalose-8TMS,N.D.,N.D.,N.D.,N.D.,N.D.,N.D.,N.D.,N.D.,N.D.,N.D.,N.D.,N.D.
Cytidine-4TMS,N.D.,N.D.,N.D.,N.D.,N.D.,N.D.,N.D.,N.D.,N.D.,N.D.,N.D.,N.D.
Lactitol-9TMS,N.D.,N.D.,N.D.,N.D.,N.D.,N.D.,N.D.,N.D.,N.D.,N.D.,N.D.,N.D.
Maltose-meto-8TMS(2),N.D.,N.D.,N.D.,N.D.,N.D.,N.D.,N.D.,N.D.,N.D.,N.D.,N.D.,N.D.
Spermine-6TMS,N.D.,N.D.,N.D.,N.D.,N.D.,N.D.,N.D.,N.D.,N.D.,N.D.,N.D.,N.D.
Carnosine-4TMS,N.D.,N.D.,N.D.,N.D.,N.D.,N.D.,N.D.,N.D.,N.D.,N.D.,N.D.,N.D.
Guanosine-5TMS,N.D.,N.D.,N.D.,N.D.,N.D.,N.D.,N.D.,N.D.,N.D.,N.D.,N.D.,N.D.
Monostearin-2TMS,N.D.,N.D.,N.D.,N.D.,N.D.,N.D.,N.D.,N.D.,N.D.,N.D.,N.D.,N.D.
Maltitol-9TMS,N.D.,N.D.,N.D.,N.D.,N.D.,N.D.,N.D.,N.D.,N.D.,N.D.,N.D.,N.D.
5'-Methylthioadenosine-2TMS,N.D.,N.D.,N.D.,N.D.,N.D.,N.D.,N.D.,N.D.,N.D.,N.D.,N.D.,N.D.
5'-Methylthioadenosine-3TMS,N.D.,N.D.,N.D.,N.D.,N.D.,N.D.,N.D.,N.D.,N.D.,N.D.,N.D.,N.D.
Isomaltose-meto-8TMS(1),N.D.,N.D.,N.D.,N.D.,N.D.,N.D.,N.D.,N.D.,N.D.,N.D.,N.D.,N.D.
Uridine monophosphate-5TMS,N.D.,N.D.,N.D.,N.D.,N.D.,N.D.,N.D.,N.D.,N.D.,N.D.,N.D.,N.D.
Isomaltose-meto-8TMS(2),N.D.,N.D.,N.D.,N.D.,N.D.,N.D.,N.D.,N.D.,N.D.,N.D.,N.D.,N.D.
Thymidine monophosphate-3TMS,N.D.,N.D.,N.D.,N.D.,N.D.,N.D.,N.D.,N.D.,N.D.,N.D.,N.D.,N.D.
Inosine monophosphate-5TMS,N.D.,N.D.,N.D.,N.D.,N.D.,N.D.,N.D.,N.D.,N.D.,N.D.,N.D.,N.D.
Xanthosine monophosphate-6TMS,N.D.,N.D.,N.D.,N.D.,N.D.,N.D.,N.D.,N.D.,N.D.,N.D.,N.D.,N.D.
Cholecalciferol-TMS,N.D.,N.D.,N.D.,N.D.,N.D.,N.D.,N.D.,N.D.,N.D.,N.D.,N.D.,N.D.
Adenosine monophosphate-5TMS,N.D.,N.D.,N.D.,N.D.,N.D.,N.D.,N.D.,N.D.,N.D.,N.D.,N.D.,N.D.
Trehalose 6-phosphate-9TMS,N.D.,N.D.,N.D.,N.D.,N.D.,N.D.,N.D.,N.D.,N.D.,N.D.,N.D.,N.D.
"Adenosine 3',5'-cyclic monophosphate-3TMS",N.D.,N.D.,N.D.,N.D.,N.D.,N.D.,N.D.,N.D.,N.D.,N.D.,N.D.,N.D.
Cholesterol-TMS,N.D.,N.D.,N.D.,N.D.,N.D.,N.D.,N.D.,N.D.,N.D.,N.D.,N.D.,N.D.
